Source,Target,Weight,PopulationAmmount,Type
"AF","fa",0.50000,17000000,"undirected"
"AF","ps",0.43000,15000000,"undirected"
"AF","haz",0.05900,2100000,"undirected"
"AF","uz_Arab",0.04700,1600000,"undirected"
"AF","tk",0.01700,590000,"undirected"
"AF","prd",0.01200,420000,"undirected"
"AF","bal",0.00670,230000,"undirected"
"AF","bgn",0.00630,220000,"undirected"
"AF","ug",0.00009,3000,"undirected"
"AF","kk_Arab",0.00006,2000,"undirected"
"AX","sv",0.99000,26000,"undirected"
"AL","sq",1.00000,3100000,"undirected"
"AL","el",0.01900,58000,"undirected"
"AL","mk",0.00470,14000,"undirected"
"DZ","arq",0.83000,35000000,"undirected"
"DZ","ar",0.74000,31000000,"undirected"
"DZ","fr",0.20000,8300000,"undirected"
"DZ","kab",0.07800,3200000,"undirected"
"DZ","en",0.07000,2900000,"undirected"
"AS","sm",0.99000,50000,"undirected"
"AS","en",0.97000,49000,"undirected"
"AD","ca",0.51000,44000,"undirected"
"AD","es",0.43000,37000,"undirected"
"AD","fr",0.06700,5700,"undirected"
"AO","pt",0.67000,20000000,"undirected"
"AO","umb",0.29000,8800000,"undirected"
"AO","kmb",0.25000,7600000,"undirected"
"AO","ln",0.00670,200000,"undirected"
"AI","en",0.95000,17000,"undirected"
"AQ","und",1.00000,300,"undirected"
"AG","en",0.86000,82000,"undirected"
"AG","pt",0.01700,1600,"undirected"
"AR","es",1.00000,45000000,"undirected"
"AR","en",0.07000,3100000,"undirected"
"AR","cy",0.00065,29000,"undirected"
"AR","gn",0.00047,21000,"undirected"
"AM","hy",0.98000,3000000,"undirected"
"AM","ku",0.03300,100000,"undirected"
"AW","nl",0.97000,110000,"undirected"
"AW","pap",0.61000,71000,"undirected"
"AW","en",0.02600,3000,"undirected"
"AC","en",0.99000,930,"undirected"
"AU","en",0.96000,23000000,"undirected"
"AU","zh_Hant",0.02100,490000,"undirected"
"AU","it",0.01900,450000,"undirected"
"AU","wbp",0.00011,2600,"undirected"
"AT","de",0.97000,8500000,"undirected"
"AT","bar",0.95000,8400000,"undirected"
"AT","en",0.73000,6400000,"undirected"
"AT","fr",0.11000,970000,"undirected"
"AT","it",0.09000,790000,"undirected"
"AT","hr",0.01200,110000,"undirected"
"AT","sl",0.00370,33000,"undirected"
"AT","hu",0.00270,24000,"undirected"
"AZ","az",0.89000,8900000,"undirected"
"AZ","az_Cyrl",0.09900,990000,"undirected"
"AZ","tly",0.09800,980000,"undirected"
"AZ","ku",0.00240,24000,"undirected"
"AZ","ttt",0.00220,22000,"undirected"
"AZ","tkr",0.00160,16000,"undirected"
"BS","en",1.00000,330000,"undirected"
"BH","ar",0.87000,1300000,"undirected"
"BH","ml",0.03300,48000,"undirected"
"BD","bn",0.98000,160000000,"undirected"
"BD","en",0.18000,29000000,"undirected"
"BD","rkt",0.06500,10000000,"undirected"
"BD","syl",0.05000,8000000,"undirected"
"BD","ccp",0.00220,350000,"undirected"
"BD","my",0.00210,330000,"undirected"
"BD","grt",0.00073,120000,"undirected"
"BD","mro",0.00018,29000,"undirected"
"BD","mni",0.00011,18000,"undirected"
"BB","en",1.00000,290000,"undirected"
"BY","be",1.00000,9500000,"undirected"
"BY","ru",0.12000,1100000,"undirected"
"BE","en",0.59000,6800000,"undirected"
"BE","nl",0.55000,6400000,"undirected"
"BE","fr",0.38000,4400000,"undirected"
"BE","de",0.22000,2500000,"undirected"
"BE","vls",0.10000,1200000,"undirected"
"BE","wa",0.05800,670000,"undirected"
"BZ","en",1.00000,390000,"undirected"
"BZ","es",0.28000,110000,"undirected"
"BJ","fr",0.35000,4000000,"undirected"
"BJ","fon",0.25000,2800000,"undirected"
"BJ","yo",0.06700,760000,"undirected"
"BM","en",0.92000,65000,"undirected"
"BT","dz",0.47000,360000,"undirected"
"BT","ne",0.17000,130000,"undirected"
"BT","tsj",0.15000,110000,"undirected"
"BT","en",0.11000,84000,"undirected"
"BT","lep",0.03900,30000,"undirected"
"BO","es",0.61000,6900000,"undirected"
"BO","qu",0.32000,3600000,"undirected"
"BO","ay",0.20000,2300000,"undirected"
"BO","gn",0.00450,51000,"undirected"
"BO","aro",0.00001,110,"undirected"
"BA","bs",0.99000,3800000,"undirected"
"BA","bs_Cyrl",0.99000,3800000,"undirected"
"BA","en",0.45000,1700000,"undirected"
"BA","hr",0.12000,460000,"undirected"
"BA","sr",0.10000,380000,"undirected"
"BA","sr_Latn",0.10000,380000,"undirected"
"BW","en",0.81000,1800000,"undirected"
"BW","tn",0.62000,1400000,"undirected"
"BW","af",0.00270,6100,"undirected"
"BV","und",1.00000,1,"undirected"
"BR","pt",0.91000,190000000,"undirected"
"BR","en",0.08000,17000000,"undirected"
"BR","de",0.00840,1800000,"undirected"
"BR","it",0.00280,580000,"undirected"
"BR","ja",0.00210,440000,"undirected"
"BR","es",0.00037,77000,"undirected"
"BR","ko",0.00021,44000,"undirected"
"BR","kgp",0.00010,21000,"undirected"
"BR","gub",0.00008,18000,"undirected"
"BR","yrl",0.00005,11000,"undirected"
"BR","xav",0.00005,10000,"undirected"
"VG","en",0.98000,35000,"undirected"
"BN","ms",0.93000,420000,"undirected"
"BN","zh_Hant",0.11000,50000,"undirected"
"BN","ms_Arab",0.05000,23000,"undirected"
"BN","en",0.01800,8100,"undirected"
"BG","bg",1.00000,7100000,"undirected"
"BG","en",0.25000,1800000,"undirected"
"BG","ru",0.23000,1600000,"undirected"
"BG","tr",0.11000,780000,"undirected"
"BG","de",0.08000,560000,"undirected"
"BF","mos",0.40000,7900000,"undirected"
"BF","dyu",0.32000,6300000,"undirected"
"BF","fr",0.22000,4300000,"undirected"
"BI","rn",0.63000,7500000,"undirected"
"BI","fr",0.59000,7000000,"undirected"
"BI","sw",0.00054,6400,"undirected"
"BI","en",0.00053,6300,"undirected"
"KH","km",0.89000,15000000,"undirected"
"KH","cja",0.01600,260000,"undirected"
"KH","kdt",0.00110,18000,"undirected"
"CM","fr",0.68000,17000000,"undirected"
"CM","en",0.38000,9700000,"undirected"
"CM","bum",0.04600,1200000,"undirected"
"CM","ff",0.03600,920000,"undirected"
"CM","ewo",0.03100,790000,"undirected"
"CM","ybb",0.01600,410000,"undirected"
"CM","bbj",0.01400,360000,"undirected"
"CM","nnh",0.01400,360000,"undirected"
"CM","bkm",0.01300,330000,"undirected"
"CM","bas",0.01200,310000,"undirected"
"CM","bax",0.01200,310000,"undirected"
"CM","byv",0.01100,280000,"undirected"
"CM","mua",0.01000,260000,"undirected"
"CM","maf",0.00740,190000,"undirected"
"CM","bfd",0.00570,150000,"undirected"
"CM","bss",0.00540,140000,"undirected"
"CM","kkj",0.00540,140000,"undirected"
"CM","dua",0.00480,120000,"undirected"
"CM","mgo",0.00470,120000,"undirected"
"CM","ar",0.00390,100000,"undirected"
"CM","jgo",0.00340,87000,"undirected"
"CM","ksf",0.00320,82000,"undirected"
"CM","agq",0.00140,36000,"undirected"
"CM","ha_Arab",0.00140,36000,"undirected"
"CM","nmg",0.00035,9000,"undirected"
"CM","yav",0.00009,2300,"undirected"
"CA","en",0.86000,31000000,"undirected"
"CA","fr",0.22000,7900000,"undirected"
"CA","it",0.02000,720000,"undirected"
"CA","de",0.01900,680000,"undirected"
"CA","pdt",0.00240,86000,"undirected"
"CA","cr",0.00110,39000,"undirected"
"CA","crk",0.00110,39000,"undirected"
"CA","yi",0.00045,16000,"undirected"
"CA","iu",0.00042,15000,"undirected"
"CA","iu_Latn",0.00042,15000,"undirected"
"CA","moe",0.00033,12000,"undirected"
"CA","crj",0.00020,7200,"undirected"
"CA","atj",0.00016,5700,"undirected"
"CA","crl",0.00015,5400,"undirected"
"CA","csw",0.00014,5000,"undirected"
"CA","crm",0.00013,4700,"undirected"
"CA","ikt",0.00011,3900,"undirected"
"CA","moh",0.00010,3500,"undirected"
"CA","dgr",0.00007,2700,"undirected"
"CA","den",0.00006,2300,"undirected"
"CA","scs",0.00004,1300,"undirected"
"CA","nsk",0.00003,1200,"undirected"
"CA","chp",0.00002,750,"undirected"
"CA","gwi",0.00002,570,"undirected"
"IC","es",0.98000,2100000,"undirected"
"CV","kea",0.91000,520000,"undirected"
"CV","pt",0.76000,430000,"undirected"
"BQ","pap",0.81000,16000,"undirected"
"BQ","nl",0.08000,1600,"undirected"
"KY","en",0.98000,58000,"undirected"
"CF","fr",0.49000,2800000,"undirected"
"CF","sg",0.49000,2800000,"undirected"
"CF","ln",0.00240,14000,"undirected"
"EA","es",0.98000,150000,"undirected"
"TD","fr",0.26000,4100000,"undirected"
"TD","ar",0.17000,2700000,"undirected"
"CL","es",0.98000,18000000,"undirected"
"CL","en",0.09500,1700000,"undirected"
"CL","arn",0.01500,270000,"undirected"
"CN","zh",0.90000,1200000000,"undirected"
"CN","wuu",0.06000,83000000,"undirected"
"CN","yue_Hans",0.05200,72000000,"undirected"
"CN","hsn",0.02900,40000000,"undirected"
"CN","hak",0.02300,32000000,"undirected"
"CN","nan",0.01900,26000000,"undirected"
"CN","gan",0.01700,24000000,"undirected"
"CN","ii",0.00600,8300000,"undirected"
"CN","ug",0.00550,7600000,"undirected"
"CN","za",0.00310,4300000,"undirected"
"CN","mn_Mong",0.00260,3600000,"undirected"
"CN","bo",0.00200,2800000,"undirected"
"CN","ko",0.00150,2100000,"undirected"
"CN","kk_Arab",0.00086,1200000,"undirected"
"CN","lis",0.00045,620000,"undirected"
"CN","ky_Arab",0.00034,470000,"undirected"
"CN","nxq",0.00024,330000,"undirected"
"CN","khb",0.00019,260000,"undirected"
"CN","tdd",0.00019,260000,"undirected"
"CN","lcp",0.00006,80000,"undirected"
"CN","en",0.00005,62000,"undirected"
"CN","ru",0.00001,14000,"undirected"
"CN","vi",0.00001,6900,"undirected"
"CX","en",0.63000,1400,"undirected"
"CP","und",1.00000,1,"undirected"
"CC","ms_Arab",0.83000,490,"undirected"
"CC","en",0.17000,100,"undirected"
"CO","es",0.93000,45000000,"undirected"
"CO","guc",0.00270,130000,"undirected"
"KM","ar",0.66000,540000,"undirected"
"KM","fr",0.56000,460000,"undirected"
"KM","zdj",0.37000,300000,"undirected"
"KM","wni",0.34000,280000,"undirected"
"CG","fr",0.84000,4300000,"undirected"
"CG","ln",0.02400,120000,"undirected"
"CD","sw",0.50000,43000000,"undirected"
"CD","lua",0.09600,8200000,"undirected"
"CD","fr",0.03800,3200000,"undirected"
"CD","ln",0.03100,2600000,"undirected"
"CD","lu",0.02300,2000000,"undirected"
"CD","kg",0.01500,1300000,"undirected"
"CD","lol",0.00610,520000,"undirected"
"CD","rw",0.00380,320000,"undirected"
"CK","en",0.98000,8900,"undirected"
"CR","es",0.95000,4700000,"undirected"
"CI","fr",0.49000,13000000,"undirected"
"CI","bci",0.11000,2900000,"undirected"
"CI","sef",0.04300,1100000,"undirected"
"CI","dnj",0.04000,1100000,"undirected"
"CI","kfo",0.00230,60000,"undirected"
"CI","bqv",0.00170,45000,"undirected"
"HR","hr",0.99000,4200000,"undirected"
"HR","en",0.49000,2100000,"undirected"
"HR","it",0.01600,68000,"undirected"
"CU","es",1.00000,11000000,"undirected"
"CW","pap",0.81000,120000,"undirected"
"CW","nl",0.08000,12000,"undirected"
"CW","es",0.03800,5700,"undirected"
"CY","el",0.95000,1200000,"undirected"
"CY","en",0.73000,900000,"undirected"
"CY","tr",0.23000,280000,"undirected"
"CY","fr",0.07000,87000,"undirected"
"CY","hy",0.00220,2700,"undirected"
"CY","ar",0.00110,1400,"undirected"
"CZ","cs",0.98000,10000000,"undirected"
"CZ","en",0.27000,2900000,"undirected"
"CZ","sk",0.16000,1700000,"undirected"
"CZ","de",0.15000,1600000,"undirected"
"CZ","pl",0.00490,52000,"undirected"
"DK","da",0.93000,5400000,"undirected"
"DK","en",0.86000,5000000,"undirected"
"DK","de",0.47000,2700000,"undirected"
"DK","sv",0.13000,760000,"undirected"
"DK","fo",0.00380,22000,"undirected"
"DK","kl",0.00120,7000,"undirected"
"DG","en",0.99000,500,"undirected"
"DJ","aa",0.42000,370000,"undirected"
"DJ","so",0.41000,360000,"undirected"
"DJ","ar",0.07300,65000,"undirected"
"DJ","fr",0.02100,19000,"undirected"
"DM","en",0.94000,70000,"undirected"
"DO","es",0.78000,8000000,"undirected"
"DO","en",0.00078,8000,"undirected"
"EC","es",0.96000,16000000,"undirected"
"EC","qu",0.17000,2800000,"undirected"
"EC","qug",0.05700,940000,"undirected"
"EG","ar",0.94000,93000000,"undirected"
"EG","arz",0.64000,64000000,"undirected"
"EG","en",0.35000,35000000,"undirected"
"EG","el",0.00061,61000,"undirected"
"SV","es",0.89000,5500000,"undirected"
"GQ","es",0.87000,690000,"undirected"
"GQ","fan",0.51000,410000,"undirected"
"GQ","fr",0.08800,70000,"undirected"
"GQ","bvb",0.07900,63000,"undirected"
"ER","ti",0.60000,3600000,"undirected"
"ER","en",0.59000,3500000,"undirected"
"ER","tig",0.18000,1100000,"undirected"
"ER","ar",0.04900,290000,"undirected"
"ER","aa",0.03600,210000,"undirected"
"ER","ssy",0.03600,210000,"undirected"
"ER","byn",0.01300,78000,"undirected"
"EE","et",0.71000,880000,"undirected"
"EE","ru",0.56000,700000,"undirected"
"EE","en",0.50000,620000,"undirected"
"EE","fi",0.21000,260000,"undirected"
"EE","vro",0.05700,71000,"undirected"
"SZ","en",0.80000,870000,"undirected"
"SZ","ss",0.58000,630000,"undirected"
"SZ","zu",0.06800,74000,"undirected"
"SZ","ts",0.01700,18000,"undirected"
"ET","en",0.43000,47000000,"undirected"
"ET","am",0.33000,36000000,"undirected"
"ET","om",0.32000,35000000,"undirected"
"ET","so",0.06000,6500000,"undirected"
"ET","ti",0.06000,6500000,"undirected"
"ET","sid",0.03500,3800000,"undirected"
"ET","wal",0.01800,2000000,"undirected"
"ET","aa",0.01400,1500000,"undirected"
"FK","en",0.88000,2800,"undirected"
"FO","fo",0.95000,48000,"undirected"
"FJ","en",0.94000,870000,"undirected"
"FJ","hi",0.44000,410000,"undirected"
"FJ","hif",0.41000,380000,"undirected"
"FJ","fj",0.39000,360000,"undirected"
"FJ","rtm",0.00270,2500,"undirected"
"FI","fi",0.94000,5200000,"undirected"
"FI","en",0.70000,3900000,"undirected"
"FI","sv",0.44000,2400000,"undirected"
"FI","de",0.18000,1000000,"undirected"
"FI","ru",0.00810,45000,"undirected"
"FI","et",0.00110,6100,"undirected"
"FI","rmf",0.00090,5000,"undirected"
"FI","se",0.00036,2000,"undirected"
"FI","smn",0.00011,610,"undirected"
"FI","sms",0.00011,610,"undirected"
"FR","fr",0.99000,67000000,"undirected"
"FR","en",0.39000,26000000,"undirected"
"FR","es",0.13000,8800000,"undirected"
"FR","de",0.05000,3400000,"undirected"
"FR","oc",0.03000,2000000,"undirected"
"FR","it",0.01700,1100000,"undirected"
"FR","pt",0.01300,880000,"undirected"
"FR","pcd",0.01100,740000,"undirected"
"FR","gsw",0.00910,610000,"undirected"
"FR","br",0.00830,560000,"undirected"
"FR","co",0.00240,160000,"undirected"
"FR","ca",0.00170,110000,"undirected"
"FR","eu",0.00130,88000,"undirected"
"FR","nl",0.00130,88000,"undirected"
"FR","frp",0.00094,63000,"undirected"
"GF","fr",0.77000,150000,"undirected"
"GF","gcr",0.26000,52000,"undirected"
"GF","zh_Hant",0.02500,5000,"undirected"
"PF","fr",0.61000,180000,"undirected"
"PF","ty",0.31000,90000,"undirected"
"PF","zh_Hant",0.07800,23000,"undirected"
"GA","fr",0.63000,1300000,"undirected"
"GA","puu",0.09000,190000,"undirected"
"GM","en",0.40000,840000,"undirected"
"GM","man",0.29000,610000,"undirected"
"GE","ka",0.86000,4200000,"undirected"
"GE","xmf",0.11000,540000,"undirected"
"GE","ru",0.09000,440000,"undirected"
"GE","hy",0.07000,340000,"undirected"
"GE","ab",0.02200,110000,"undirected"
"GE","os",0.02200,110000,"undirected"
"GE","ku",0.00890,44000,"undirected"
"DE","de",0.91000,73000000,"undirected"
"DE","en",0.64000,51000000,"undirected"
"DE","fr",0.18000,14000000,"undirected"
"DE","bar",0.17000,14000000,"undirected"
"DE","nds",0.12000,9700000,"undirected"
"DE","nl",0.09000,7200000,"undirected"
"DE","it",0.07000,5600000,"undirected"
"DE","es",0.06000,4800000,"undirected"
"DE","ru",0.06000,4800000,"undirected"
"DE","vmf",0.06000,4800000,"undirected"
"DE","tr",0.02500,2000000,"undirected"
"DE","gsw",0.02300,1900000,"undirected"
"DE","da",0.02000,1600000,"undirected"
"DE","swg",0.01000,800000,"undirected"
"DE","hr",0.00790,640000,"undirected"
"DE","ku",0.00660,530000,"undirected"
"DE","el",0.00380,310000,"undirected"
"DE","ksh",0.00300,240000,"undirected"
"DE","pl",0.00290,230000,"undirected"
"DE","hsb",0.00016,13000,"undirected"
"DE","frr",0.00012,9700,"undirected"
"DE","dsb",0.00009,7000,"undirected"
"DE","frs",0.00003,2000,"undirected"
"DE","stq",0.00001,970,"undirected"
"GH","ak",0.39000,11000000,"undirected"
"GH","en",0.21000,5900000,"undirected"
"GH","ee",0.11000,3100000,"undirected"
"GH","abr",0.05000,1400000,"undirected"
"GH","gur",0.03500,980000,"undirected"
"GH","ada",0.03000,840000,"undirected"
"GH","gaa",0.02800,790000,"undirected"
"GH","nzi",0.01000,280000,"undirected"
"GH","ha",0.00870,240000,"undirected"
"GH","saf",0.00014,3900,"undirected"
"GI","en",0.80000,24000,"undirected"
"GI","es",0.50000,15000,"undirected"
"GR","el",0.99000,11000000,"undirected"
"GR","en",0.51000,5500000,"undirected"
"GR","fr",0.09000,970000,"undirected"
"GR","de",0.05000,540000,"undirected"
"GR","pnt",0.03700,400000,"undirected"
"GR","mk",0.01600,170000,"undirected"
"GR","tr",0.01200,130000,"undirected"
"GR","bg",0.00270,29000,"undirected"
"GR","sq",0.00093,10000,"undirected"
"GR","tsd",0.00002,200,"undirected"
"GL","kl",0.84000,48000,"undirected"
"GL","da",0.14000,8100,"undirected"
"GD","en",0.96000,110000,"undirected"
"GP","fr",0.90000,410000,"undirected"
"GU","en",0.91000,150000,"undirected"
"GU","ch",0.22000,37000,"undirected"
"GT","es",0.93000,15000000,"undirected"
"GT","quc",0.07000,1200000,"undirected"
"GG","en",1.00000,67000,"undirected"
"GN","fr",0.29000,3400000,"undirected"
"GN","ff",0.26000,3100000,"undirected"
"GN","man_Nkoo",0.23000,2700000,"undirected"
"GN","sus",0.11000,1300000,"undirected"
"GN","nqo",0.05000,590000,"undirected"
"GN","kpe",0.03800,450000,"undirected"
"GW","pt",1.00000,1800000,"undirected"
"GW","knf",0.02600,48000,"undirected"
"GY","en",1.00000,740000,"undirected"
"HT","ht",0.81000,8700000,"undirected"
"HT","fr",0.04700,510000,"undirected"
"HM","und",1.00000,1,"undirected"
"HN","es",0.78000,7200000,"undirected"
"HN","en",0.00440,40000,"undirected"
"HK","zh_Hant",0.95000,6900000,"undirected"
"HK","yue",0.90000,6500000,"undirected"
"HK","en",0.51000,3700000,"undirected"
"HK","zh",0.05000,360000,"undirected"
"HU","hu",1.00000,9800000,"undirected"
"HU","en",0.20000,2000000,"undirected"
"HU","de",0.18000,1800000,"undirected"
"HU","fr",0.03000,290000,"undirected"
"HU","ro",0.00990,97000,"undirected"
"HU","hr",0.00320,31000,"undirected"
"HU","sk",0.00110,11000,"undirected"
"HU","sl",0.00051,5000,"undirected"
"IS","is",1.00000,340000,"undirected"
"IS","da",0.00650,2200,"undirected"
"IN","hi",0.41000,530000000,"undirected"
"IN","en",0.19000,250000000,"undirected"
"IN","bn",0.08100,110000000,"undirected"
"IN","te",0.07200,93000000,"undirected"
"IN","mr",0.07000,91000000,"undirected"
"IN","ta",0.05900,77000000,"undirected"
"IN","ur",0.05000,65000000,"undirected"
"IN","gu",0.04500,58000000,"undirected"
"IN","kn",0.03700,48000000,"undirected"
"IN","ml",0.03200,41000000,"undirected"
"IN","or",0.03200,41000000,"undirected"
"IN","pa",0.02800,36000000,"undirected"
"IN","bho",0.02300,30000000,"undirected"
"IN","awa",0.01800,23000000,"undirected"
"IN","as",0.01300,17000000,"undirected"
"IN","bgc",0.01200,16000000,"undirected"
"IN","mag",0.01200,16000000,"undirected"
"IN","mai",0.01200,16000000,"undirected"
"IN","mwr",0.01200,16000000,"undirected"
"IN","hne",0.01100,14000000,"undirected"
"IN","dcc",0.01000,13000000,"undirected"
"IN","bjj",0.00560,7300000,"undirected"
"IN","ne",0.00560,7300000,"undirected"
"IN","sat",0.00550,7100000,"undirected"
"IN","wtm",0.00460,6000000,"undirected"
"IN","rkt",0.00440,5700000,"undirected"
"IN","ks",0.00410,5300000,"undirected"
"IN","kok",0.00370,4800000,"undirected"
"IN","gom",0.00320,4100000,"undirected"
"IN","swv",0.00280,3600000,"undirected"
"IN","gbm",0.00270,3500000,"undirected"
"IN","lmn",0.00270,3500000,"undirected"
"IN","sd",0.00260,3400000,"undirected"
"IN","gon",0.00240,3100000,"undirected"
"IN","kfy",0.00220,2900000,"undirected"
"IN","doi",0.00200,2600000,"undirected"
"IN","kru",0.00190,2500000,"undirected"
"IN","sck",0.00180,2300000,"undirected"
"IN","xnr",0.00160,2100000,"undirected"
"IN","khn",0.00150,1900000,"undirected"
"IN","tcy",0.00150,1900000,"undirected"
"IN","wbr",0.00150,1900000,"undirected"
"IN","brx",0.00140,1800000,"undirected"
"IN","noe",0.00130,1700000,"undirected"
"IN","bhb",0.00120,1600000,"undirected"
"IN","mni",0.00110,1400000,"undirected"
"IN","hoc",0.00100,1300000,"undirected"
"IN","raj",0.00100,1300000,"undirected"
"IN","mtr",0.00098,1300000,"undirected"
"IN","unr",0.00094,1200000,"undirected"
"IN","bhi",0.00092,1200000,"undirected"
"IN","hoj",0.00082,1100000,"undirected"
"IN","kha",0.00080,1000000,"undirected"
"IN","kfr",0.00075,970000,"undirected"
"IN","grt",0.00053,690000,"undirected"
"IN","unx",0.00048,620000,"undirected"
"IN","bfy",0.00037,480000,"undirected"
"IN","srx",0.00035,450000,"undirected"
"IN","saz",0.00029,380000,"undirected"
"IN","ccp",0.00028,360000,"undirected"
"IN","sd_Deva",0.00026,340000,"undirected"
"IN","bfq",0.00023,300000,"undirected"
"IN","njo",0.00023,300000,"undirected"
"IN","ria",0.00013,170000,"undirected"
"IN","bo",0.00011,140000,"undirected"
"IN","bpy",0.00007,88000,"undirected"
"IN","bft",0.00006,80000,"undirected"
"IN","bra",0.00004,53000,"undirected"
"IN","lep",0.00004,45000,"undirected"
"IN","btv",0.00003,34000,"undirected"
"IN","lif",0.00003,34000,"undirected"
"IN","lah",0.00003,32000,"undirected"
"IN","sa",0.00001,16000,"undirected"
"IN","kht",0.00001,9100,"undirected"
"ID","id",0.64000,170000000,"undirected"
"ID","jv",0.34000,89000000,"undirected"
"ID","su",0.12000,32000000,"undirected"
"ID","mad",0.06300,17000000,"undirected"
"ID","ms_Arab",0.04600,12000000,"undirected"
"ID","min",0.03000,7900000,"undirected"
"ID","bew",0.02100,5500000,"undirected"
"ID","ban",0.01800,4700000,"undirected"
"ID","bug",0.01600,4200000,"undirected"
"ID","bjn",0.01500,3900000,"undirected"
"ID","ace",0.01400,3700000,"undirected"
"ID","sas",0.00970,2500000,"undirected"
"ID","bbc",0.00920,2400000,"undirected"
"ID","zh_Hant",0.00920,2400000,"undirected"
"ID","mak",0.00730,1900000,"undirected"
"ID","ljp",0.00690,1800000,"undirected"
"ID","rej",0.00460,1200000,"undirected"
"ID","gor",0.00410,1100000,"undirected"
"ID","nij",0.00370,970000,"undirected"
"ID","kge",0.00320,840000,"undirected"
"ID","aoz",0.00270,710000,"undirected"
"ID","kvr",0.00140,370000,"undirected"
"ID","lbw",0.00130,340000,"undirected"
"ID","gay",0.00120,320000,"undirected"
"ID","rob",0.00110,290000,"undirected"
"ID","mdr",0.00092,240000,"undirected"
"ID","sxn",0.00092,240000,"undirected"
"ID","sly",0.00054,140000,"undirected"
"ID","mwv",0.00024,63000,"undirected"
"IR","fa",0.75000,62000000,"undirected"
"IR","az_Arab",0.24000,20000000,"undirected"
"IR","mzn",0.05000,4200000,"undirected"
"IR","glk",0.04600,3800000,"undirected"
"IR","ckb",0.03900,3200000,"undirected"
"IR","sdh",0.03700,3100000,"undirected"
"IR","tk",0.02800,2300000,"undirected"
"IR","lrc",0.02100,1700000,"undirected"
"IR","ar",0.02000,1700000,"undirected"
"IR","bal",0.02000,1700000,"undirected"
"IR","rmt",0.01900,1600000,"undirected"
"IR","bqi",0.01400,1200000,"undirected"
"IR","luz",0.01200,1000000,"undirected"
"IR","lki",0.00760,630000,"undirected"
"IR","bgn",0.00560,460000,"undirected"
"IR","prd",0.00500,420000,"undirected"
"IR","hy",0.00240,200000,"undirected"
"IR","ps",0.00160,130000,"undirected"
"IR","ka",0.00071,59000,"undirected"
"IR","gbz",0.00010,8000,"undirected"
"IR","kk_Arab",0.00004,3000,"undirected"
"IQ","ar",0.68000,27000000,"undirected"
"IQ","en",0.35000,14000000,"undirected"
"IQ","ckb",0.20000,8000000,"undirected"
"IQ","az_Arab",0.01800,720000,"undirected"
"IQ","fa",0.00870,350000,"undirected"
"IQ","lrc",0.00610,250000,"undirected"
"IQ","syr",0.00500,200000,"undirected"
"IE","en",0.98000,5000000,"undirected"
"IE","ga",0.22000,1100000,"undirected"
"IE","fr",0.17000,860000,"undirected"
"IM","en",1.00000,89000,"undirected"
"IM","gv",0.01900,1700,"undirected"
"IL","he",1.00000,8400000,"undirected"
"IL","en",0.85000,7200000,"undirected"
"IL","ar",0.20000,1700000,"undirected"
"IL","ru",0.11000,930000,"undirected"
"IL","ro",0.03700,310000,"undirected"
"IL","yi",0.03000,250000,"undirected"
"IL","pl",0.01500,130000,"undirected"
"IL","lad",0.01300,110000,"undirected"
"IL","hu",0.01000,84000,"undirected"
"IL","am",0.00590,50000,"undirected"
"IL","ti",0.00120,10000,"undirected"
"IL","ml",0.00095,8000,"undirected"
"IT","it",0.95000,59000000,"undirected"
"IT","en",0.34000,21000000,"undirected"
"IT","fr",0.06300,3900000,"undirected"
"IT","sc",0.01700,1100000,"undirected"
"IT","de",0.01600,1000000,"undirected"
"IT","vec",0.01300,810000,"undirected"
"IT","nap",0.00970,600000,"undirected"
"IT","lij",0.00860,540000,"undirected"
"IT","scn",0.00820,510000,"undirected"
"IT","sdc",0.00170,110000,"undirected"
"IT","sl",0.00170,110000,"undirected"
"IT","fur",0.00060,37000,"undirected"
"IT","egl",0.00050,31000,"undirected"
"IT","ca",0.00035,22000,"undirected"
"IT","el",0.00035,22000,"undirected"
"IT","lmo",0.00030,19000,"undirected"
"IT","pms",0.00010,6200,"undirected"
"IT","hr",0.00006,3500,"undirected"
"JM","en",0.98000,2800000,"undirected"
"JM","jam",0.95000,2700000,"undirected"
"JP","ja",0.95000,120000000,"undirected"
"JP","ryu",0.00770,970000,"undirected"
"JP","ko",0.00520,660000,"undirected"
"JE","en",0.95000,95000,"undirected"
"JO","ar",1.00000,10000000,"undirected"
"JO","en",0.45000,4700000,"undirected"
"KZ","ru",0.72000,13000000,"undirected"
"KZ","kk",0.64000,12000000,"undirected"
"KZ","en",0.15000,2800000,"undirected"
"KZ","de",0.06400,1200000,"undirected"
"KZ","ug_Cyrl",0.02000,370000,"undirected"
"KE","sw",0.66000,32000000,"undirected"
"KE","en",0.19000,9200000,"undirected"
"KE","ki",0.17000,8200000,"undirected"
"KE","luy",0.11000,5300000,"undirected"
"KE","luo",0.09800,4700000,"undirected"
"KE","kam",0.07600,3700000,"undirected"
"KE","kln",0.07600,3700000,"undirected"
"KE","guz",0.04900,2400000,"undirected"
"KE","mer",0.04000,1900000,"undirected"
"KE","mas",0.01600,770000,"undirected"
"KE","ebu",0.01500,730000,"undirected"
"KE","so",0.01300,630000,"undirected"
"KE","dav",0.00820,400000,"undirected"
"KE","teo",0.00740,360000,"undirected"
"KE","pko",0.00700,340000,"undirected"
"KE","om",0.00470,230000,"undirected"
"KE","saq",0.00460,220000,"undirected"
"KE","ar",0.00046,22000,"undirected"
"KE","pa",0.00021,10000,"undirected"
"KE","gu",0.00010,4800,"undirected"
"KI","en",1.00000,110000,"undirected"
"KI","gil",0.60000,66000,"undirected"
"XK","sq",0.92000,1800000,"undirected"
"XK","aln",0.74000,1400000,"undirected"
"XK","sr",0.05000,95000,"undirected"
"XK","sr_Latn",0.05000,95000,"undirected"
"KW","ar",1.00000,2900000,"undirected"
"KG","ky",0.48000,2800000,"undirected"
"KG","ru",0.36000,2100000,"undirected"
"LA","lo",0.69000,5000000,"undirected"
"LA","kjg",0.05800,420000,"undirected"
"LA","kdt",0.00960,69000,"undirected"
"LV","lv",0.61000,1200000,"undirected"
"LV","en",0.46000,880000,"undirected"
"LV","ru",0.38000,730000,"undirected"
"LV","ltg",0.08900,170000,"undirected"
"LB","ar",0.86000,5200000,"undirected"
"LB","en",0.40000,2400000,"undirected"
"LB","hy",0.05200,320000,"undirected"
"LB","ku_Arab",0.01700,100000,"undirected"
"LB","fr",0.00370,23000,"undirected"
"LS","st",0.98000,1900000,"undirected"
"LS","en",0.27000,530000,"undirected"
"LS","zu",0.14000,270000,"undirected"
"LS","ss",0.02400,47000,"undirected"
"LS","xh",0.01000,20000,"undirected"
"LR","en",0.83000,4000000,"undirected"
"LR","kpe",0.14000,670000,"undirected"
"LR","vai",0.02600,130000,"undirected"
"LR","men",0.00480,23000,"undirected"
"LY","ar",0.74000,5000000,"undirected"
"LI","de",1.00000,39000,"undirected"
"LI","gsw",0.85000,33000,"undirected"
"LI","wae",0.03400,1300,"undirected"
"LT","lt",0.86000,2400000,"undirected"
"LT","ru",0.80000,2200000,"undirected"
"LT","en",0.38000,1100000,"undirected"
"LT","de",0.14000,390000,"undirected"
"LU","fr",0.87000,530000,"undirected"
"LU","lb",0.67000,410000,"undirected"
"LU","de",0.63000,380000,"undirected"
"LU","en",0.56000,340000,"undirected"
"LU","pt",0.16000,97000,"undirected"
"MO","zh_Hant",0.98000,590000,"undirected"
"MO","pt",0.05000,30000,"undirected"
"MO","zh",0.05000,30000,"undirected"
"MO","en",0.02300,14000,"undirected"
"MG","mg",0.90000,23000000,"undirected"
"MG","fr",0.69000,18000000,"undirected"
"MG","en",0.18000,4600000,"undirected"
"MW","en",0.63000,13000000,"undirected"
"MW","ny",0.63000,13000000,"undirected"
"MW","tum",0.08400,1700000,"undirected"
"MW","tog",0.00980,190000,"undirected"
"MW","zu",0.00330,65000,"undirected"
"MY","ms",0.75000,24000000,"undirected"
"MY","en",0.21000,6700000,"undirected"
"MY","zh_Hant",0.17000,5400000,"undirected"
"MY","ta",0.04200,1300000,"undirected"
"MY","iba",0.02500,800000,"undirected"
"MY","jv",0.01200,380000,"undirected"
"MY","zmi",0.01200,380000,"undirected"
"MY","dtp",0.00560,180000,"undirected"
"MY","ml",0.00150,48000,"undirected"
"MY","bug",0.00079,25000,"undirected"
"MY","bjn",0.00016,5100,"undirected"
"MV","dv",0.94000,370000,"undirected"
"ML","bm",0.46000,8500000,"undirected"
"ML","fr",0.46000,8500000,"undirected"
"ML","ffm",0.07700,1400000,"undirected"
"ML","snk",0.05900,1100000,"undirected"
"ML","mwk",0.05000,920000,"undirected"
"ML","ses",0.03400,630000,"undirected"
"ML","tmh",0.02100,390000,"undirected"
"ML","bm_Nkoo",0.02000,370000,"undirected"
"ML","khq",0.01700,310000,"undirected"
"ML","dtm",0.01100,200000,"undirected"
"ML","kao",0.01000,180000,"undirected"
"ML","ar",0.00890,160000,"undirected"
"ML","bmq",0.00860,160000,"undirected"
"ML","bze",0.00840,150000,"undirected"
"MT","mt",1.00000,450000,"undirected"
"MT","en",0.88000,400000,"undirected"
"MT","it",0.56000,250000,"undirected"
"MT","fr",0.11000,49000,"undirected"
"MH","en",0.93000,70000,"undirected"
"MH","mh",0.73000,55000,"undirected"
"MQ","fr",0.98000,430000,"undirected"
"MR","ar",0.85000,3300000,"undirected"
"MR","fr",0.17000,650000,"undirected"
"MR","ff",0.05700,220000,"undirected"
"MR","wo",0.00260,10000,"undirected"
"MU","mfe",0.90000,1200000,"undirected"
"MU","en",0.72000,980000,"undirected"
"MU","bho",0.27000,370000,"undirected"
"MU","ur",0.05200,71000,"undirected"
"MU","fr",0.03000,41000,"undirected"
"MU","ta",0.02500,34000,"undirected"
"YT","swb",0.88000,170000,"undirected"
"YT","fr",0.57000,110000,"undirected"
"YT","buc",0.23000,45000,"undirected"
"YT","sw",0.01400,2700,"undirected"
"MX","es",0.83000,100000000,"undirected"
"MX","en",0.13000,16000000,"undirected"
"MX","yua",0.00670,840000,"undirected"
"MX","nhe",0.00390,490000,"undirected"
"MX","nhw",0.00390,490000,"undirected"
"MX","maz",0.00340,430000,"undirected"
"MX","nch",0.00190,240000,"undirected"
"MX","sei",0.00001,880,"undirected"
"FM","en",0.57000,59000,"undirected"
"FM","chk",0.30000,31000,"undirected"
"FM","pon",0.23000,24000,"undirected"
"FM","kos",0.07700,8000,"undirected"
"FM","yap",0.06400,6600,"undirected"
"FM","uli",0.02900,3000,"undirected"
"MD","ro",0.63000,2200000,"undirected"
"MD","uk",0.14000,480000,"undirected"
"MD","bg",0.09400,320000,"undirected"
"MD","gag",0.03300,110000,"undirected"
"MD","ru",0.03000,100000,"undirected"
"MC","fr",0.99000,30000,"undirected"
"MN","mn",0.93000,2900000,"undirected"
"MN","kk_Arab",0.07200,220000,"undirected"
"MN","zh",0.01400,43000,"undirected"
"MN","ru",0.00130,4000,"undirected"
"MN","ug_Cyrl",0.00032,990,"undirected"
"ME","sr_Latn",1.00000,610000,"undirected"
"ME","sq",0.07900,49000,"undirected"
"ME","sr",0.05000,31000,"undirected"
"MS","en",0.66000,3500,"undirected"
"MA","ary",0.87000,30000000,"undirected"
"MA","ar",0.62000,21000000,"undirected"
"MA","zgh",0.22000,7500000,"undirected"
"MA","fr",0.20000,6900000,"undirected"
"MA","en",0.14000,4800000,"undirected"
"MA","tzm",0.09800,3400000,"undirected"
"MA","shi",0.08700,3000000,"undirected"
"MA","shi_Latn",0.08700,3000000,"undirected"
"MA","rif",0.04900,1700000,"undirected"
"MA","rif_Latn",0.04900,1700000,"undirected"
"MA","es",0.00065,22000,"undirected"
"MZ","pt",0.27000,7400000,"undirected"
"MZ","vmw",0.13000,3500000,"undirected"
"MZ","ndc",0.09900,2700000,"undirected"
"MZ","ts",0.07900,2200000,"undirected"
"MZ","ngl",0.06800,1900000,"undirected"
"MZ","seh",0.04600,1300000,"undirected"
"MZ","mgh",0.04500,1200000,"undirected"
"MZ","rng",0.03400,930000,"undirected"
"MZ","ny",0.02600,710000,"undirected"
"MZ","yao",0.02400,650000,"undirected"
"MZ","sw",0.00034,9300,"undirected"
"MZ","zu",0.00007,1800,"undirected"
"MM","my",0.64000,36000000,"undirected"
"MM","shn",0.06400,3600000,"undirected"
"MM","kac",0.01700,950000,"undirected"
"MM","mnw",0.01500,830000,"undirected"
"MM","kht",0.00008,4200,"undirected"
"NA","af",0.75000,1900000,"undirected"
"NA","kj",0.35000,890000,"undirected"
"NA","ng",0.21000,530000,"undirected"
"NA","naq",0.11000,280000,"undirected"
"NA","hz",0.09100,230000,"undirected"
"NA","en",0.07000,180000,"undirected"
"NA","de",0.00900,23000,"undirected"
"NA","tn",0.00560,14000,"undirected"
"NR","en",0.97000,9400,"undirected"
"NR","na",0.71000,6900,"undirected"
"NP","ne",0.44000,13000000,"undirected"
"NP","mai",0.11000,3300000,"undirected"
"NP","bho",0.06800,2000000,"undirected"
"NP","taj",0.03400,1000000,"undirected"
"NP","new",0.03300,980000,"undirected"
"NP","jml",0.03200,950000,"undirected"
"NP","en",0.03000,890000,"undirected"
"NP","dty",0.02500,740000,"undirected"
"NP","awa",0.02200,650000,"undirected"
"NP","thl",0.02000,590000,"undirected"
"NP","bap",0.01500,450000,"undirected"
"NP","tdg",0.01300,390000,"undirected"
"NP","thr",0.01200,360000,"undirected"
"NP","lif",0.01100,330000,"undirected"
"NP","mgp",0.01100,330000,"undirected"
"NP","thq",0.01000,300000,"undirected"
"NP","mrd",0.00830,250000,"undirected"
"NP","gvr",0.00710,210000,"undirected"
"NP","bfy",0.00540,160000,"undirected"
"NP","xsr",0.00520,150000,"undirected"
"NP","rjs",0.00440,130000,"undirected"
"NP","hi",0.00420,120000,"undirected"
"NP","bo",0.00240,71000,"undirected"
"NP","tkt",0.00240,71000,"undirected"
"NP","tdh",0.00120,36000,"undirected"
"NP","bn",0.00094,28000,"undirected"
"NP","unr_Deva",0.00019,5600,"undirected"
"NP","lep",0.00010,2800,"undirected"
"NL","nl",1.00000,17000000,"undirected"
"NL","en",0.90000,15000000,"undirected"
"NL","de",0.71000,12000000,"undirected"
"NL","fr",0.29000,5000000,"undirected"
"NL","nds",0.11000,1900000,"undirected"
"NL","li",0.05500,940000,"undirected"
"NL","fy",0.04300,740000,"undirected"
"NL","gos",0.03600,620000,"undirected"
"NL","id",0.01800,310000,"undirected"
"NL","zea",0.01400,240000,"undirected"
"NL","rif_Latn",0.01200,210000,"undirected"
"NL","tr",0.01200,210000,"undirected"
"NC","fr",0.96000,270000,"undirected"
"NZ","en",0.98000,4500000,"undirected"
"NZ","mi",0.02800,130000,"undirected"
"NI","es",0.78000,4700000,"undirected"
"NE","ha",0.41000,8100000,"undirected"
"NE","fr",0.29000,5800000,"undirected"
"NE","dje",0.17000,3400000,"undirected"
"NE","fuq",0.07000,1400000,"undirected"
"NE","tmh",0.06000,1200000,"undirected"
"NE","ar",0.00210,42000,"undirected"
"NE","twq",0.00040,7900,"undirected"
"NG","en",0.53000,110000000,"undirected"
"NG","pcm",0.21000,43000000,"undirected"
"NG","ha",0.13000,26000000,"undirected"
"NG","ig",0.13000,26000000,"undirected"
"NG","yo",0.13000,26000000,"undirected"
"NG","fuv",0.06700,14000000,"undirected"
"NG","tiv",0.01600,3300000,"undirected"
"NG","efi",0.01400,2800000,"undirected"
"NG","ibb",0.01400,2800000,"undirected"
"NG","ha_Arab",0.01000,2000000,"undirected"
"NG","bin",0.00710,1400000,"undirected"
"NG","kaj",0.00210,430000,"undirected"
"NG","kcg",0.00093,190000,"undirected"
"NG","ar",0.00071,140000,"undirected"
"NG","cch",0.00021,43000,"undirected"
"NG","amo",0.00009,18000,"undirected"
"NU","en",0.70000,1100,"undirected"
"NU","niu",0.70000,1100,"undirected"
"NF","en",0.96000,1700,"undirected"
"KP","ko",0.88000,22000000,"undirected"
"MK","mk",0.67000,1400000,"undirected"
"MK","sq",0.25000,530000,"undirected"
"MK","tr",0.03500,74000,"undirected"
"MP","en",0.97000,50000,"undirected"
"MP","ch",0.18000,9400,"undirected"
"NO","nb",1.00000,5400000,"undirected"
"NO","nn",0.25000,1300000,"undirected"
"NO","se",0.00290,16000,"undirected"
"OM","ar",0.81000,2800000,"undirected"
"OM","bal",0.04900,170000,"undirected"
"OM","fa",0.00940,33000,"undirected"
"PK","ur",0.95000,200000000,"undirected"
"PK","pa_Arab",0.70000,150000000,"undirected"
"PK","en",0.50000,100000000,"undirected"
"PK","lah",0.40000,83000000,"undirected"
"PK","ps",0.15000,31000000,"undirected"
"PK","sd",0.12000,25000000,"undirected"
"PK","skr",0.09100,19000000,"undirected"
"PK","bal",0.03700,7700000,"undirected"
"PK","brh",0.01300,2700000,"undirected"
"PK","hno",0.01200,2500000,"undirected"
"PK","fa",0.00660,1400000,"undirected"
"PK","bgn",0.00570,1200000,"undirected"
"PK","hnd",0.00410,850000,"undirected"
"PK","tg_Arab",0.00330,690000,"undirected"
"PK","gju",0.00200,420000,"undirected"
"PK","bft",0.00180,370000,"undirected"
"PK","kvx",0.00160,330000,"undirected"
"PK","khw",0.00150,310000,"undirected"
"PK","mvy",0.00140,290000,"undirected"
"PK","kxp",0.00120,250000,"undirected"
"PK","gjk",0.00110,230000,"undirected"
"PK","ks",0.00069,140000,"undirected"
"PK","btv",0.00019,39000,"undirected"
"PW","pau",0.74000,16000,"undirected"
"PW","en",0.08700,1900,"undirected"
"PA","es",0.69000,2600000,"undirected"
"PA","en",0.14000,530000,"undirected"
"PA","zh_Hant",0.00160,6100,"undirected"
"PG","tpi",0.71000,5000000,"undirected"
"PG","en",0.50000,3500000,"undirected"
"PG","ho",0.02100,150000,"undirected"
"PY","gn",0.80000,5600000,"undirected"
"PY","es",0.03200,220000,"undirected"
"PY","de",0.02900,200000,"undirected"
"PE","es",0.73000,23000000,"undirected"
"PE","qu",0.15000,4700000,"undirected"
"PE","ay",0.01600,500000,"undirected"
"PH","en",0.64000,68000000,"undirected"
"PH","fil",0.60000,64000000,"undirected"
"PH","es",0.31000,33000000,"undirected"
"PH","ceb",0.24000,25000000,"undirected"
"PH","ilo",0.09600,10000000,"undirected"
"PH","hil",0.08400,8900000,"undirected"
"PH","bik",0.03000,3200000,"undirected"
"PH","war",0.02900,3100000,"undirected"
"PH","bhk",0.02300,2400000,"undirected"
"PH","pam",0.02300,2400000,"undirected"
"PH","pag",0.01400,1500000,"undirected"
"PH","mdh",0.01200,1300000,"undirected"
"PH","tsg",0.01100,1200000,"undirected"
"PH","zh_Hant",0.00730,770000,"undirected"
"PH","cps",0.00660,700000,"undirected"
"PH","krj",0.00390,410000,"undirected"
"PH","bto",0.00280,300000,"undirected"
"PH","hnn",0.00016,17000,"undirected"
"PH","tbw",0.00009,10000,"undirected"
"PH","bku",0.00008,8000,"undirected"
"PN","en",0.85000,46,"undirected"
"PL","pl",0.96000,37000000,"undirected"
"PL","en",0.33000,13000000,"undirected"
"PL","de",0.19000,7300000,"undirected"
"PL","ru",0.18000,6900000,"undirected"
"PL","szl",0.01300,500000,"undirected"
"PL","be",0.00580,220000,"undirected"
"PL","uk",0.00390,150000,"undirected"
"PL","csb",0.00130,50000,"undirected"
"PL","sli",0.00031,12000,"undirected"
"PL","lt",0.00021,8100,"undirected"
"PT","pt",0.96000,9900000,"undirected"
"PT","en",0.27000,2800000,"undirected"
"PT","fr",0.15000,1600000,"undirected"
"PT","es",0.10000,1000000,"undirected"
"PT","gl",0.00140,14000,"undirected"
"PR","es",0.87000,2900000,"undirected"
"PR","en",0.49000,1600000,"undirected"
"QA","ar",0.89000,2100000,"undirected"
"QA","fa",0.11000,260000,"undirected"
"QA","ml",0.00280,6600,"undirected"
"RE","fr",0.89000,700000,"undirected"
"RE","rcf",0.71000,560000,"undirected"
"RE","ta",0.15000,120000,"undirected"
"RO","ro",0.90000,19000000,"undirected"
"RO","en",0.31000,6700000,"undirected"
"RO","fr",0.17000,3600000,"undirected"
"RO","es",0.10000,2100000,"undirected"
"RO","hu",0.06600,1400000,"undirected"
"RO","de",0.00210,45000,"undirected"
"RO","tr",0.00130,28000,"undirected"
"RO","sr_Latn",0.00120,26000,"undirected"
"RO","bg",0.00031,6700,"undirected"
"RO","el",0.00019,4100,"undirected"
"RO","pl",0.00013,2800,"undirected"
"RU","ru",0.94000,130000000,"undirected"
"RU","tt",0.01400,2000000,"undirected"
"RU","ba",0.01300,1800000,"undirected"
"RU","cv",0.01300,1800000,"undirected"
"RU","hy",0.00840,1200000,"undirected"
"RU","ce",0.00660,940000,"undirected"
"RU","av",0.00390,550000,"undirected"
"RU","udm",0.00380,540000,"undirected"
"RU","chm",0.00370,530000,"undirected"
"RU","os",0.00320,450000,"undirected"
"RU","sah",0.00320,450000,"undirected"
"RU","kbd",0.00310,440000,"undirected"
"RU","myv",0.00310,440000,"undirected"
"RU","dar",0.00260,370000,"undirected"
"RU","bua",0.00220,310000,"undirected"
"RU","mdf",0.00210,300000,"undirected"
"RU","kum",0.00200,280000,"undirected"
"RU","kv",0.00180,260000,"undirected"
"RU","lez",0.00180,260000,"undirected"
"RU","krc",0.00170,240000,"undirected"
"RU","inh",0.00160,230000,"undirected"
"RU","tyv",0.00130,180000,"undirected"
"RU","az_Cyrl",0.00093,130000,"undirected"
"RU","ady",0.00088,130000,"undirected"
"RU","krl",0.00082,120000,"undirected"
"RU","lbe",0.00078,110000,"undirected"
"RU","koi",0.00045,64000,"undirected"
"RU","mrj",0.00021,30000,"undirected"
"RU","alt",0.00014,20000,"undirected"
"RU","fi",0.00012,17000,"undirected"
"RU","sr_Latn",0.00004,5000,"undirected"
"RU","vep",0.00003,3600,"undirected"
"RU","mn",0.00002,2100,"undirected"
"RW","rw",0.77000,9400000,"undirected"
"RW","en",0.15000,1800000,"undirected"
"RW","fr",0.00019,2300,"undirected"
"WS","sm",1.00000,200000,"undirected"
"WS","en",0.02200,4400,"undirected"
"SM","it",0.89000,30000,"undirected"
"SM","eo",0.00890,300,"undirected"
"ST","pt",0.85000,170000,"undirected"
"SA","ar",1.00000,33000000,"undirected"
"SN","wo",0.70000,11000000,"undirected"
"SN","fr",0.39000,5900000,"undirected"
"SN","ff",0.21000,3200000,"undirected"
"SN","srr",0.11000,1700000,"undirected"
"SN","dyo",0.02600,390000,"undirected"
"SN","sav",0.01500,230000,"undirected"
"SN","mfv",0.00770,120000,"undirected"
"SN","bjt",0.00610,92000,"undirected"
"SN","snf",0.00240,36000,"undirected"
"SN","knf",0.00210,32000,"undirected"
"SN","bsc",0.00097,15000,"undirected"
"SN","mey",0.00048,7200,"undirected"
"SN","tnr",0.00023,3500,"undirected"
"RS","sr",0.99000,7000000,"undirected"
"RS","sr_Latn",0.99000,7000000,"undirected"
"RS","sq",0.19000,1300000,"undirected"
"RS","hu",0.04800,340000,"undirected"
"RS","ro",0.02100,150000,"undirected"
"RS","hr",0.00930,66000,"undirected"
"RS","sk",0.00860,61000,"undirected"
"SC","crs",0.98000,93000,"undirected"
"SC","fr",0.60000,57000,"undirected"
"SC","en",0.38000,36000,"undirected"
"SL","kri",0.95000,6000000,"undirected"
"SL","en",0.35000,2200000,"undirected"
"SL","men",0.27000,1700000,"undirected"
"SL","tem",0.26000,1600000,"undirected"
"SG","en",0.93000,5600000,"undirected"
"SG","zh",0.77000,4600000,"undirected"
"SG","ms",0.14000,840000,"undirected"
"SG","ta",0.02100,130000,"undirected"
"SG","ml",0.00170,10000,"undirected"
"SG","pa",0.00160,9600,"undirected"
"SX","en",0.68000,29000,"undirected"
"SX","es",0.11000,4700,"undirected"
"SX","vic",0.07300,3100,"undirected"
"SX","nl",0.03700,1600,"undirected"
"SK","sk",0.90000,4900000,"undirected"
"SK","cs",0.47000,2600000,"undirected"
"SK","en",0.26000,1400000,"undirected"
"SK","de",0.22000,1200000,"undirected"
"SK","hu",0.11000,600000,"undirected"
"SK","uk",0.01900,100000,"undirected"
"SK","pl",0.00930,51000,"undirected"
"SI","sl",0.87000,1800000,"undirected"
"SI","hr",0.61000,1300000,"undirected"
"SI","en",0.59000,1200000,"undirected"
"SI","de",0.42000,880000,"undirected"
"SI","hu",0.00440,9200,"undirected"
"SI","it",0.00190,4000,"undirected"
"SB","en",1.00000,660000,"undirected"
"SB","rug",0.01500,9900,"undirected"
"SO","so",0.78000,8800000,"undirected"
"SO","ar",0.34000,3800000,"undirected"
"SO","sw",0.02000,230000,"undirected"
"SO","om",0.00420,47000,"undirected"
"ZA","en",0.31000,17000000,"undirected"
"ZA","zu",0.24000,13000000,"undirected"
"ZA","xh",0.18000,10000000,"undirected"
"ZA","af",0.13000,7200000,"undirected"
"ZA","nso",0.09400,5200000,"undirected"
"ZA","tn",0.08200,4500000,"undirected"
"ZA","st",0.07900,4400000,"undirected"
"ZA","ts",0.04400,2400000,"undirected"
"ZA","ss",0.02700,1500000,"undirected"
"ZA","ve",0.02300,1300000,"undirected"
"ZA","hi",0.02000,1100000,"undirected"
"ZA","nr",0.01600,890000,"undirected"
"ZA","sw",0.00002,1000,"undirected"
"GS","und",1.00000,20,"undirected"
"KR","ko",1.00000,51000000,"undirected"
"SS","ar",0.27000,2800000,"undirected"
"SS","en",0.27000,2800000,"undirected"
"SS","nus",0.05600,570000,"undirected"
"ES","es",0.99000,49000000,"undirected"
"ES","en",0.24000,12000000,"undirected"
"ES","ca",0.17000,8400000,"undirected"
"ES","gl",0.07000,3500000,"undirected"
"ES","eu",0.02000,990000,"undirected"
"ES","ast",0.01300,640000,"undirected"
"ES","ext",0.00490,240000,"undirected"
"LK","si",0.68000,15000000,"undirected"
"LK","ta",0.15000,3400000,"undirected"
"LK","en",0.10000,2300000,"undirected"
"BL","fr",0.96000,6900,"undirected"
"SH","en",0.69000,5400,"undirected"
"KN","en",0.98000,52000,"undirected"
"LC","en",0.90000,150000,"undirected"
"MF","fr",1.00000,32000,"undirected"
"PM","fr",0.93000,5100,"undirected"
"PM","en",0.03400,190,"undirected"
"VC","en",0.96000,98000,"undirected"
"SD","ar",0.61000,26000000,"undirected"
"SD","en",0.61000,26000000,"undirected"
"SD","bej",0.05400,2300000,"undirected"
"SD","fvr",0.02700,1200000,"undirected"
"SD","ha_Arab",0.01800,780000,"undirected"
"SD","mls",0.00990,430000,"undirected"
"SD","fia",0.00830,360000,"undirected"
"SD","zag",0.00510,220000,"undirected"
"SR","nl",0.90000,540000,"undirected"
"SR","srn",0.68000,410000,"undirected"
"SR","zh_Hant",0.01200,7200,"undirected"
"SJ","nb",0.58000,1500,"undirected"
"SJ","ru",0.46000,1200,"undirected"
"SE","sv",0.95000,9500000,"undirected"
"SE","en",0.86000,8600000,"undirected"
"SE","fi",0.02200,220000,"undirected"
"SE","fit",0.00550,55000,"undirected"
"SE","se",0.00330,33000,"undirected"
"SE","rmu",0.00095,9500,"undirected"
"SE","yi",0.00030,3000,"undirected"
"SE","smj",0.00015,1500,"undirected"
"SE","sma",0.00003,300,"undirected"
"CH","de",0.73000,6100000,"undirected"
"CH","gsw",0.65000,5400000,"undirected"
"CH","en",0.61000,5100000,"undirected"
"CH","fr",0.21000,1700000,"undirected"
"CH","it",0.04300,360000,"undirected"
"CH","lmo",0.04100,340000,"undirected"
"CH","pt",0.03400,280000,"undirected"
"CH","rm",0.00500,41000,"undirected"
"CH","rmo",0.00290,24000,"undirected"
"CH","wae",0.00120,10000,"undirected"
"SY","ar",0.80000,16000000,"undirected"
"SY","ku",0.08000,1600000,"undirected"
"SY","fr",0.05900,1100000,"undirected"
"SY","hy",0.01800,350000,"undirected"
"SY","syr",0.00084,16000,"undirected"
"TW","zh_Hant",0.95000,22000000,"undirected"
"TW","trv",0.00020,4700,"undirected"
"TJ","tg",1.00000,8600000,"undirected"
"TJ","ru",0.12000,1000000,"undirected"
"TJ","fa",0.00780,67000,"undirected"
"TJ","ar",0.00012,1000,"undirected"
"TZ","sw",0.90000,50000000,"undirected"
"TZ","en",0.69000,38000000,"undirected"
"TZ","suk",0.08700,4800000,"undirected"
"TZ","nym",0.03300,1800000,"undirected"
"TZ","kde",0.02400,1300000,"undirected"
"TZ","bez",0.01700,940000,"undirected"
"TZ","ksb",0.01700,940000,"undirected"
"TZ","mas",0.01500,830000,"undirected"
"TZ","mgy",0.01400,780000,"undirected"
"TZ","asa",0.01200,670000,"undirected"
"TZ","lag",0.00870,480000,"undirected"
"TZ","jmc",0.00750,420000,"undirected"
"TZ","rof",0.00750,420000,"undirected"
"TZ","vun",0.00750,420000,"undirected"
"TZ","rwk",0.00220,120000,"undirected"
"TZ","sbp",0.00200,110000,"undirected"
"TH","th",0.80000,55000000,"undirected"
"TH","en",0.27000,19000000,"undirected"
"TH","tts",0.24000,16000000,"undirected"
"TH","nod",0.09600,6600000,"undirected"
"TH","sou",0.08000,5500000,"undirected"
"TH","mfa",0.05000,3400000,"undirected"
"TH","zh_Hant",0.01800,1200000,"undirected"
"TH","kxm",0.01700,1200000,"undirected"
"TH","kdt",0.00480,330000,"undirected"
"TH","mnw",0.00170,120000,"undirected"
"TH","shn",0.00096,66000,"undirected"
"TH","lcp",0.00010,6900,"undirected"
"TH","lwl",0.00010,6900,"undirected"
"TL","pt",0.59000,780000,"undirected"
"TL","tet",0.59000,780000,"undirected"
"TG","fr",0.61000,5000000,"undirected"
"TG","ee",0.17000,1400000,"undirected"
"TG","ife",0.01300,110000,"undirected"
"TK","en",1.00000,1300,"undirected"
"TK","tkl",1.00000,1300,"undirected"
"TO","to",0.95000,100000,"undirected"
"TO","en",0.28000,30000,"undirected"
"TT","en",0.88000,1100000,"undirected"
"TT","es",0.00340,4100,"undirected"
"TA","en",0.99000,270,"undirected"
"TN","aeb",0.90000,10000000,"undirected"
"TN","ar",0.90000,10000000,"undirected"
"TN","fr",0.74000,8500000,"undirected"
"TR","tr",0.93000,76000000,"undirected"
"TR","en",0.17000,14000000,"undirected"
"TR","ku",0.05500,4500000,"undirected"
"TR","zza",0.01400,1100000,"undirected"
"TR","kbd",0.00770,630000,"undirected"
"TR","az",0.00740,600000,"undirected"
"TR","az_Arab",0.00650,530000,"undirected"
"TR","ar",0.00560,460000,"undirected"
"TR","bgx",0.00460,370000,"undirected"
"TR","bg",0.00420,340000,"undirected"
"TR","ady",0.00390,320000,"undirected"
"TR","kiu",0.00190,150000,"undirected"
"TR","hy",0.00056,46000,"undirected"
"TR","ka",0.00056,46000,"undirected"
"TR","lzz",0.00028,23000,"undirected"
"TR","sr_Latn",0.00028,23000,"undirected"
"TR","sq",0.00021,17000,"undirected"
"TR","ab",0.00005,4000,"undirected"
"TR","el",0.00005,4000,"undirected"
"TR","tru",0.00004,3000,"undirected"
"TR","uz",0.00002,2000,"undirected"
"TR","ky_Latn",0.00001,1100,"undirected"
"TR","kk",0.00001,570,"undirected"
"TM","tk",0.70000,3800000,"undirected"
"TM","ru",0.12000,650000,"undirected"
"TM","uz",0.09000,490000,"undirected"
"TM","ku",0.00410,22000,"undirected"
"TC","en",0.98000,53000,"undirected"
"TV","tvl",0.89000,9900,"undirected"
"TV","en",0.09600,1100,"undirected"
"UM","en",1.00000,320,"undirected"
"VI","en",0.75000,80000,"undirected"
"UG","sw",0.75000,31000000,"undirected"
"UG","lg",0.13000,5300000,"undirected"
"UG","nyn",0.06300,2600000,"undirected"
"UG","cgg",0.05400,2200000,"undirected"
"UG","xog",0.05300,2200000,"undirected"
"UG","en",0.03900,1600000,"undirected"
"UG","teo",0.03900,1600000,"undirected"
"UG","laj",0.03800,1600000,"undirected"
"UG","ach",0.03700,1500000,"undirected"
"UG","myx",0.02900,1200000,"undirected"
"UG","rw",0.02100,860000,"undirected"
"UG","ttj",0.01900,780000,"undirected"
"UG","hi",0.00005,2200,"undirected"
"UA","uk",0.65000,29000000,"undirected"
"UA","ru",0.46000,20000000,"undirected"
"UA","pl",0.02400,1100000,"undirected"
"UA","yi",0.01300,570000,"undirected"
"UA","rue",0.01200,530000,"undirected"
"UA","be",0.00830,360000,"undirected"
"UA","crh",0.00560,250000,"undirected"
"UA","ro",0.00520,230000,"undirected"
"UA","bg",0.00490,220000,"undirected"
"UA","tr",0.00420,180000,"undirected"
"UA","hu",0.00370,160000,"undirected"
"UA","el",0.00016,7000,"undirected"
"AE","ar",0.78000,7600000,"undirected"
"AE","en",0.50000,4900000,"undirected"
"AE","ml",0.07000,680000,"undirected"
"AE","ps",0.02900,280000,"undirected"
"AE","bal",0.02300,220000,"undirected"
"AE","fa",0.01900,180000,"undirected"
"GB","en",0.99000,64000000,"undirected"
"GB","fr",0.19000,12000000,"undirected"
"GB","de",0.06000,3900000,"undirected"
"GB","sco",0.02700,1800000,"undirected"
"GB","pa",0.00790,510000,"undirected"
"GB","cy",0.00770,500000,"undirected"
"GB","bn",0.00670,440000,"undirected"
"GB","zh_Hant",0.00540,350000,"undirected"
"GB","syl",0.00500,330000,"undirected"
"GB","el",0.00340,220000,"undirected"
"GB","it",0.00340,220000,"undirected"
"GB","ks",0.00190,120000,"undirected"
"GB","gd",0.00099,64000,"undirected"
"GB","yi",0.00049,32000,"undirected"
"GB","ml",0.00035,23000,"undirected"
"GB","ga",0.00026,17000,"undirected"
"GB","kw",0.00003,2000,"undirected"
"US","en",0.96000,320000000,"undirected"
"US","es",0.09600,32000000,"undirected"
"US","zh_Hant",0.00690,2300000,"undirected"
"US","fr",0.00560,1800000,"undirected"
"US","de",0.00470,1500000,"undirected"
"US","fil",0.00420,1400000,"undirected"
"US","it",0.00340,1100000,"undirected"
"US","vi",0.00340,1100000,"undirected"
"US","ko",0.00300,990000,"undirected"
"US","ru",0.00240,790000,"undirected"
"US","nv",0.00051,170000,"undirected"
"US","yi",0.00049,160000,"undirected"
"US","pdc",0.00039,130000,"undirected"
"US","haw",0.00009,29000,"undirected"
"US","frc",0.00009,28000,"undirected"
"US","chr",0.00008,25000,"undirected"
"US","esu",0.00006,20000,"undirected"
"US","dak",0.00006,19000,"undirected"
"US","cho",0.00003,11000,"undirected"
"US","lkt",0.00003,8200,"undirected"
"US","ik",0.00002,7900,"undirected"
"US","mus",0.00001,4000,"undirected"
"UY","es",0.88000,3000000,"undirected"
"UZ","uz",0.85000,26000000,"undirected"
"UZ","uz_Cyrl",0.15000,4500000,"undirected"
"UZ","ru",0.14000,4200000,"undirected"
"UZ","kaa",0.01600,480000,"undirected"
"UZ","tr",0.00760,230000,"undirected"
"VU","bi",0.90000,260000,"undirected"
"VU","en",0.83000,240000,"undirected"
"VU","fr",0.50000,140000,"undirected"
"VA","it",0.82000,820,"undirected"
"VA","la",0.82000,820,"undirected"
"VE","es",0.82000,26000000,"undirected"
"VN","vi",0.86000,83000000,"undirected"
"VN","zh_Hant",0.01100,1100000,"undirected"
"VN","cjm",0.00089,86000,"undirected"
"WF","wls",0.60000,9500,"undirected"
"WF","fr",0.48000,7600,"undirected"
"WF","fud",0.31000,4900,"undirected"
"EH","ar",1.00000,620000,"undirected"
"YE","ar",0.74000,21000000,"undirected"
"YE","en",0.09000,2600000,"undirected"
"ZM","bem",0.31000,5100000,"undirected"
"ZM","en",0.16000,2600000,"undirected"
"ZM","ny",0.15000,2500000,"undirected"
"ZM","loz",0.06000,990000,"undirected"
"ZW","sn",0.81000,11000000,"undirected"
"ZW","en",0.42000,5900000,"undirected"
"ZW","nd",0.12000,1700000,"undirected"
"ZW","mxc",0.06500,910000,"undirected"
"ZW","ndc",0.06100,860000,"undirected"
"ZW","kck",0.05300,740000,"undirected"
"ZW","ny",0.01900,270000,"undirected"
"ZW","ve",0.00640,90000,"undirected"
"ZW","tn",0.00220,31000,"undirected"
